{"episode_steps":201,"_timestamp":1.7637243671004329e+09,"episode":1,"_runtime":50,"policy_loss":16.854991912841797,"value_function_loss":0.029738863185048103,"episode_reward":-5.285185185185156,"_wandb":{"runtime":50},"_step":1}