{"_wandb":{"runtime":4},"_runtime":4,"_step":1,"episode":1,"episode_reward":-7.361146496815272,"episode_steps":201,"loss":-0.05364982783794403,"_timestamp":1.7637176125452201e+09}