{"_runtime":4,"_timestamp":1.7637228035368729e+09,"_step":1,"episode":1,"episode_reward":-6.259169550172994,"episode_steps":201,"loss":-0.18048399686813354,"_wandb":{"runtime":4}}