{"episode_reward":-5.501459854014579,"episode_steps":201,"loss":0.01713567227125168,"_timestamp":1.763717606305067e+09,"_wandb":{"runtime":28},"_runtime":28,"_step":1,"episode":1}