{"loss":-0.009835428558290005,"_timestamp":1.763722797610326e+09,"_step":1,"episode":1,"episode_reward":-7.155016181229752,"_wandb":{"runtime":27},"_runtime":27,"episode_steps":201}